profile,n_seq,n_sites,batch_size,dtype,status,rss_peak_gb,torch_max_allocated_gb,torch_max_reserved_gb,elapsed_sec,error,stderr
pf2-bayesnj-infer,10,100,1,fp32,ok,0.603515625,0.09994983673095703,0.11328125,0.47193870693445206,,"/envs/pf2/lib/python3.10/site-packages/torchvision/io/image.py:13: UserWarning: Failed to load image Python extension: 'Could not load this library: <pf2-env>/lib/python3.10/site-packages/torchvision/image.so'If you don't plan on using image functionality from `torchvision.io`, you can ignore this warning. Otherwise, there might be something wrong with your environment. Did you have `libjpeg` or `libpng` installed before building `torchvision` from source?
  warn("
pf2-bayesnj-infer,10,250,1,fp32,ok,0.611328125,0.10013914108276367,0.12109375,0.4207978770136833,,"/envs/pf2/lib/python3.10/site-packages/torchvision/io/image.py:13: UserWarning: Failed to load image Python extension: 'Could not load this library: <pf2-env>/lib/python3.10/site-packages/torchvision/image.so'If you don't plan on using image functionality from `torchvision.io`, you can ignore this warning. Otherwise, there might be something wrong with your environment. Did you have `libjpeg` or `libpng` installed before building `torchvision` from source?
  warn("
pf2-bayesnj-infer,10,500,1,fp32,ok,0.623046875,0.11706924438476562,0.1328125,0.46195064298808575,,"/envs/pf2/lib/python3.10/site-packages/torchvision/io/image.py:13: UserWarning: Failed to load image Python extension: 'Could not load this library: <pf2-env>/lib/python3.10/site-packages/torchvision/image.so'If you don't plan on using image functionality from `torchvision.io`, you can ignore this warning. Otherwise, there might be something wrong with your environment. Did you have `libjpeg` or `libpng` installed before building `torchvision` from source?
  warn("
pf2-bayesnj-infer,10,1000,1,fp32,ok,0.662109375,0.15136051177978516,0.171875,0.4701882004737854,,"/envs/pf2/lib/python3.10/site-packages/torchvision/io/image.py:13: UserWarning: Failed to load image Python extension: 'Could not load this library: <pf2-env>/lib/python3.10/site-packages/torchvision/image.so'If you don't plan on using image functionality from `torchvision.io`, you can ignore this warning. Otherwise, there might be something wrong with your environment. Did you have `libjpeg` or `libpng` installed before building `torchvision` from source?
  warn("
pf2-bayesnj-infer,10,2000,1,fp32,ok,0.7265625,0.21994352340698242,0.234375,0.5396841485053301,,"/envs/pf2/lib/python3.10/site-packages/torchvision/io/image.py:13: UserWarning: Failed to load image Python extension: 'Could not load this library: <pf2-env>/lib/python3.10/site-packages/torchvision/image.so'If you don't plan on using image functionality from `torchvision.io`, you can ignore this warning. Otherwise, there might be something wrong with your environment. Did you have `libjpeg` or `libpng` installed before building `torchvision` from source?
  warn("
pf2-bayesnj-infer,10,3000,1,fp32,ok,0.80078125,0.2876110076904297,0.30859375,0.5523054301738739,,"/envs/pf2/lib/python3.10/site-packages/torchvision/io/image.py:13: UserWarning: Failed to load image Python extension: 'Could not load this library: <pf2-env>/lib/python3.10/site-packages/torchvision/image.so'If you don't plan on using image functionality from `torchvision.io`, you can ignore this warning. Otherwise, there might be something wrong with your environment. Did you have `libjpeg` or `libpng` installed before building `torchvision` from source?
  warn("
pf2-bayesnj-infer,10,4000,1,fp32,ok,0.87109375,0.35619401931762695,0.37890625,0.5911160241812468,,"/envs/pf2/lib/python3.10/site-packages/torchvision/io/image.py:13: UserWarning: Failed to load image Python extension: 'Could not load this library: <pf2-env>/lib/python3.10/site-packages/torchvision/image.so'If you don't plan on using image functionality from `torchvision.io`, you can ignore this warning. Otherwise, there might be something wrong with your environment. Did you have `libjpeg` or `libpng` installed before building `torchvision` from source?
  warn("
pf2-bayesnj-infer,10,5000,1,fp32,ok,0.96484375,0.4215726852416992,0.47265625,0.5945507884025574,,"/envs/pf2/lib/python3.10/site-packages/torchvision/io/image.py:13: UserWarning: Failed to load image Python extension: 'Could not load this library: <pf2-env>/lib/python3.10/site-packages/torchvision/image.so'If you don't plan on using image functionality from `torchvision.io`, you can ignore this warning. Otherwise, there might be something wrong with your environment. Did you have `libjpeg` or `libpng` installed before building `torchvision` from source?
  warn("
pf2-bayesnj-infer,10,10000,1,fp32,ok,1.30078125,0.7605810165405273,0.80859375,1.0131557155400515,,"/envs/pf2/lib/python3.10/site-packages/torchvision/io/image.py:13: UserWarning: Failed to load image Python extension: 'Could not load this library: <pf2-env>/lib/python3.10/site-packages/torchvision/image.so'If you don't plan on using image functionality from `torchvision.io`, you can ignore this warning. Otherwise, there might be something wrong with your environment. Did you have `libjpeg` or `libpng` installed before building `torchvision` from source?
  warn("
pf2-bayesnj-infer,50,100,1,fp32,ok,0.71875,0.2129988670349121,0.2265625,2.5695377085357904,,"/envs/pf2/lib/python3.10/site-packages/torchvision/io/image.py:13: UserWarning: Failed to load image Python extension: 'Could not load this library: <pf2-env>/lib/python3.10/site-packages/torchvision/image.so'If you don't plan on using image functionality from `torchvision.io`, you can ignore this warning. Otherwise, there might be something wrong with your environment. Did you have `libjpeg` or `libpng` installed before building `torchvision` from source?
  warn("
pf2-bayesnj-infer,50,250,1,fp32,ok,0.908203125,0.40787458419799805,0.416015625,0.9144394788891077,,"/envs/pf2/lib/python3.10/site-packages/torchvision/io/image.py:13: UserWarning: Failed to load image Python extension: 'Could not load this library: <pf2-env>/lib/python3.10/site-packages/torchvision/image.so'If you don't plan on using image functionality from `torchvision.io`, you can ignore this warning. Otherwise, there might be something wrong with your environment. Did you have `libjpeg` or `libpng` installed before building `torchvision` from source?
  warn("
pf2-bayesnj-infer,50,500,1,fp32,ok,1.24609375,0.7293343544006348,0.75390625,0.9134642444550991,,"/envs/pf2/lib/python3.10/site-packages/torchvision/io/image.py:13: UserWarning: Failed to load image Python extension: 'Could not load this library: <pf2-env>/lib/python3.10/site-packages/torchvision/image.so'If you don't plan on using image functionality from `torchvision.io`, you can ignore this warning. Otherwise, there might be something wrong with your environment. Did you have `libjpeg` or `libpng` installed before building `torchvision` from source?
  warn("
pf2-bayesnj-infer,50,1000,1,fp32,ok,1.919921875,1.375206470489502,1.427734375,0.9545783624053001,,"/envs/pf2/lib/python3.10/site-packages/torchvision/io/image.py:13: UserWarning: Failed to load image Python extension: 'Could not load this library: <pf2-env>/lib/python3.10/site-packages/torchvision/image.so'If you don't plan on using image functionality from `torchvision.io`, you can ignore this warning. Otherwise, there might be something wrong with your environment. Did you have `libjpeg` or `libpng` installed before building `torchvision` from source?
  warn("
pf2-bayesnj-infer,50,2000,1,fp32,ok,3.208984375,2.6676220893859863,2.716796875,1.0309546664357185,,"/envs/pf2/lib/python3.10/site-packages/torchvision/io/image.py:13: UserWarning: Failed to load image Python extension: 'Could not load this library: <pf2-env>/lib/python3.10/site-packages/torchvision/image.so'If you don't plan on using image functionality from `torchvision.io`, you can ignore this warning. Otherwise, there might be something wrong with your environment. Did you have `libjpeg` or `libpng` installed before building `torchvision` from source?
  warn("
pf2-bayesnj-infer,50,3000,1,fp32,ok,4.53515625,3.960254669189453,4.04296875,1.1431552432477474,,"/envs/pf2/lib/python3.10/site-packages/torchvision/io/image.py:13: UserWarning: Failed to load image Python extension: 'Could not load this library: <pf2-env>/lib/python3.10/site-packages/torchvision/image.so'If you don't plan on using image functionality from `torchvision.io`, you can ignore this warning. Otherwise, there might be something wrong with your environment. Did you have `libjpeg` or `libpng` installed before building `torchvision` from source?
  warn("
pf2-bayesnj-infer,50,4000,1,fp32,ok,5.84765625,5.253383636474609,5.35546875,1.3400260731577873,,"/envs/pf2/lib/python3.10/site-packages/torchvision/io/image.py:13: UserWarning: Failed to load image Python extension: 'Could not load this library: <pf2-env>/lib/python3.10/site-packages/torchvision/image.so'If you don't plan on using image functionality from `torchvision.io`, you can ignore this warning. Otherwise, there might be something wrong with your environment. Did you have `libjpeg` or `libpng` installed before building `torchvision` from source?
  warn("
pf2-bayesnj-infer,50,5000,1,fp32,ok,7.169921875,6.542789459228516,6.677734375,1.6079412996768951,,"/envs/pf2/lib/python3.10/site-packages/torchvision/io/image.py:13: UserWarning: Failed to load image Python extension: 'Could not load this library: <pf2-env>/lib/python3.10/site-packages/torchvision/image.so'If you don't plan on using image functionality from `torchvision.io`, you can ignore this warning. Otherwise, there might be something wrong with your environment. Did you have `libjpeg` or `libpng` installed before building `torchvision` from source?
  warn("
pf2-bayesnj-infer,50,10000,1,fp32,ok,13.74609375,13.001033782958984,13.25390625,3.542990894988179,,"/envs/pf2/lib/python3.10/site-packages/torchvision/io/image.py:13: UserWarning: Failed to load image Python extension: 'Could not load this library: <pf2-env>/lib/python3.10/site-packages/torchvision/image.so'If you don't plan on using image functionality from `torchvision.io`, you can ignore this warning. Otherwise, there might be something wrong with your environment. Did you have `libjpeg` or `libpng` installed before building `torchvision` from source?
  warn("
pf2-bayesnj-infer,100,100,1,fp32,ok,1.095703125,0.5832281112670898,0.603515625,1.901242846623063,,"/envs/pf2/lib/python3.10/site-packages/torchvision/io/image.py:13: UserWarning: Failed to load image Python extension: 'Could not load this library: <pf2-env>/lib/python3.10/site-packages/torchvision/image.so'If you don't plan on using image functionality from `torchvision.io`, you can ignore this warning. Otherwise, there might be something wrong with your environment. Did you have `libjpeg` or `libpng` installed before building `torchvision` from source?
  warn("
pf2-bayesnj-infer,100,250,1,fp32,ok,1.84375,1.3269968032836914,1.3515625,2.138939253985882,,"/envs/pf2/lib/python3.10/site-packages/torchvision/io/image.py:13: UserWarning: Failed to load image Python extension: 'Could not load this library: <pf2-env>/lib/python3.10/site-packages/torchvision/image.so'If you don't plan on using image functionality from `torchvision.io`, you can ignore this warning. Otherwise, there might be something wrong with your environment. Did you have `libjpeg` or `libpng` installed before building `torchvision` from source?
  warn("
pf2-bayesnj-infer,100,500,1,fp32,ok,3.11328125,2.568915367126465,2.62109375,2.2858037631958723,,"/envs/pf2/lib/python3.10/site-packages/torchvision/io/image.py:13: UserWarning: Failed to load image Python extension: 'Could not load this library: <pf2-env>/lib/python3.10/site-packages/torchvision/image.so'If you don't plan on using image functionality from `torchvision.io`, you can ignore this warning. Otherwise, there might be something wrong with your environment. Did you have `libjpeg` or `libpng` installed before building `torchvision` from source?
  warn("
pf2-bayesnj-infer,100,1000,1,fp32,ok,5.59375,5.053439140319824,5.1015625,2.3566480074077845,,"/envs/pf2/lib/python3.10/site-packages/torchvision/io/image.py:13: UserWarning: Failed to load image Python extension: 'Could not load this library: <pf2-env>/lib/python3.10/site-packages/torchvision/image.so'If you don't plan on using image functionality from `torchvision.io`, you can ignore this warning. Otherwise, there might be something wrong with your environment. Did you have `libjpeg` or `libpng` installed before building `torchvision` from source?
  warn("
pf2-bayesnj-infer,100,2000,1,fp32,ok,10.6171875,10.02257776260376,10.125,1.8653910718858242,,"/envs/pf2/lib/python3.10/site-packages/torchvision/io/image.py:13: UserWarning: Failed to load image Python extension: 'Could not load this library: <pf2-env>/lib/python3.10/site-packages/torchvision/image.so'If you don't plan on using image functionality from `torchvision.io`, you can ignore this warning. Otherwise, there might be something wrong with your environment. Did you have `libjpeg` or `libpng` installed before building `torchvision` from source?
  warn("
pf2-bayesnj-infer,100,3000,1,fp32,ok,15.63671875,14.988147735595703,15.14453125,2.921197021380067,,"/envs/pf2/lib/python3.10/site-packages/torchvision/io/image.py:13: UserWarning: Failed to load image Python extension: 'Could not load this library: <pf2-env>/lib/python3.10/site-packages/torchvision/image.so'If you don't plan on using image functionality from `torchvision.io`, you can ignore this warning. Otherwise, there might be something wrong with your environment. Did you have `libjpeg` or `libpng` installed before building `torchvision` from source?
  warn("
pf2-bayesnj-infer,100,4000,1,fp32,ok,20.650390625,19.95739221572876,20.158203125,3.3765153996646404,,"/envs/pf2/lib/python3.10/site-packages/torchvision/io/image.py:13: UserWarning: Failed to load image Python extension: 'Could not load this library: <pf2-env>/lib/python3.10/site-packages/torchvision/image.so'If you don't plan on using image functionality from `torchvision.io`, you can ignore this warning. Otherwise, there might be something wrong with your environment. Did you have `libjpeg` or `libpng` installed before building `torchvision` from source?
  warn("
pf2-bayesnj-infer,100,5000,1,fp32,ok,25.66796875,24.923655033111572,25.17578125,3.03534073010087,,"/envs/pf2/lib/python3.10/site-packages/torchvision/io/image.py:13: UserWarning: Failed to load image Python extension: 'Could not load this library: <pf2-env>/lib/python3.10/site-packages/torchvision/image.so'If you don't plan on using image functionality from `torchvision.io`, you can ignore this warning. Otherwise, there might be something wrong with your environment. Did you have `libjpeg` or `libpng` installed before building `torchvision` from source?
  warn("
pf2-bayesnj-infer,100,10000,1,fp32,ok,50.744140625,49.762232303619385,50.251953125,7.835843238979578,,"/envs/pf2/lib/python3.10/site-packages/torchvision/io/image.py:13: UserWarning: Failed to load image Python extension: 'Could not load this library: <pf2-env>/lib/python3.10/site-packages/torchvision/image.so'If you don't plan on using image functionality from `torchvision.io`, you can ignore this warning. Otherwise, there might be something wrong with your environment. Did you have `libjpeg` or `libpng` installed before building `torchvision` from source?
  warn("
pf2-bayesnj-infer,150,100,1,fp32,ok,1.703125,1.1929326057434082,1.2109375,3.3626306299120188,,"/envs/pf2/lib/python3.10/site-packages/torchvision/io/image.py:13: UserWarning: Failed to load image Python extension: 'Could not load this library: <pf2-env>/lib/python3.10/site-packages/torchvision/image.so'If you don't plan on using image functionality from `torchvision.io`, you can ignore this warning. Otherwise, there might be something wrong with your environment. Did you have `libjpeg` or `libpng` installed before building `torchvision` from source?
  warn("
pf2-bayesnj-infer,150,250,1,fp32,ok,3.365234375,2.8466076850891113,2.873046875,2.8963601533323526,,"/envs/pf2/lib/python3.10/site-packages/torchvision/io/image.py:13: UserWarning: Failed to load image Python extension: 'Could not load this library: <pf2-env>/lib/python3.10/site-packages/torchvision/image.so'If you don't plan on using image functionality from `torchvision.io`, you can ignore this warning. Otherwise, there might be something wrong with your environment. Did you have `libjpeg` or `libpng` installed before building `torchvision` from source?
  warn("
pf2-bayesnj-infer,150,500,1,fp32,ok,6.134765625,5.604853630065918,5.642578125,2.8010396659374237,,"/envs/pf2/lib/python3.10/site-packages/torchvision/io/image.py:13: UserWarning: Failed to load image Python extension: 'Could not load this library: <pf2-env>/lib/python3.10/site-packages/torchvision/image.so'If you don't plan on using image functionality from `torchvision.io`, you can ignore this warning. Otherwise, there might be something wrong with your environment. Did you have `libjpeg` or `libpng` installed before building `torchvision` from source?
  warn("
pf2-bayesnj-infer,150,1000,1,fp32,ok,11.69140625,11.119720935821533,11.19921875,3.6496193688362837,,"/envs/pf2/lib/python3.10/site-packages/torchvision/io/image.py:13: UserWarning: Failed to load image Python extension: 'Could not load this library: <pf2-env>/lib/python3.10/site-packages/torchvision/image.so'If you don't plan on using image functionality from `torchvision.io`, you can ignore this warning. Otherwise, there might be something wrong with your environment. Did you have `libjpeg` or `libpng` installed before building `torchvision` from source?
  warn("
pf2-bayesnj-infer,150,2000,1,fp32,ok,22.79296875,22.14505958557129,22.30078125,2.679953072220087,,"/envs/pf2/lib/python3.10/site-packages/torchvision/io/image.py:13: UserWarning: Failed to load image Python extension: 'Could not load this library: <pf2-env>/lib/python3.10/site-packages/torchvision/image.so'If you don't plan on using image functionality from `torchvision.io`, you can ignore this warning. Otherwise, there might be something wrong with your environment. Did you have `libjpeg` or `libpng` installed before building `torchvision` from source?
  warn("
pf2-bayesnj-infer,150,3000,1,fp32,ok,33.88671875,33.17541551589966,33.39453125,3.1406164802610874,,"/envs/pf2/lib/python3.10/site-packages/torchvision/io/image.py:13: UserWarning: Failed to load image Python extension: 'Could not load this library: <pf2-env>/lib/python3.10/site-packages/torchvision/image.so'If you don't plan on using image functionality from `torchvision.io`, you can ignore this warning. Otherwise, there might be something wrong with your environment. Did you have `libjpeg` or `libpng` installed before building `torchvision` from source?
  warn("
pf2-bayesnj-infer,150,4000,1,fp32,ok,44.98828125,44.20076274871826,44.49609375,4.518192395567894,,"/envs/pf2/lib/python3.10/site-packages/torchvision/io/image.py:13: UserWarning: Failed to load image Python extension: 'Could not load this library: <pf2-env>/lib/python3.10/site-packages/torchvision/image.so'If you don't plan on using image functionality from `torchvision.io`, you can ignore this warning. Otherwise, there might be something wrong with your environment. Did you have `libjpeg` or `libpng` installed before building `torchvision` from source?
  warn("
pf2-bayesnj-infer,150,5000,1,fp32,ok,56.08984375,55.22917985916138,55.59765625,4.564002262428403,,"/envs/pf2/lib/python3.10/site-packages/torchvision/io/image.py:13: UserWarning: Failed to load image Python extension: 'Could not load this library: <pf2-env>/lib/python3.10/site-packages/torchvision/image.so'If you don't plan on using image functionality from `torchvision.io`, you can ignore this warning. Otherwise, there might be something wrong with your environment. Did you have `libjpeg` or `libpng` installed before building `torchvision` from source?
  warn("
pf2-bayesnj-infer,150,10000,1,fp32,oom,2.84765625,nan,nan,nan,"CUDA out of memory. Tried to allocate 106.57 GiB. GPU 0 has a total capacity of 79.25 GiB of which 72.36 GiB is free. Process 93323 has 3.62 GiB memory in use. Process 1129892 has 414.00 MiB memory in use. Including non-PyTorch memory, this process has 2.85 GiB memory in use. Of the allocated memory 2.36 GiB is allocated by PyTorch, and 9.23 MiB is reserved by PyTorch but unallocated. If reserved but unallocated memory is large try setting PYTORCH_ALLOC_CONF=expandable_segments:True to avoid fragmentation.  See documentation for Memory Management  (https://pytorch.org/docs/stable/notes/cuda.html#environment-variables)","/envs/pf2/lib/python3.10/site-packages/torchvision/io/image.py:13: UserWarning: Failed to load image Python extension: 'Could not load this library: <pf2-env>/lib/python3.10/site-packages/torchvision/image.so'If you don't plan on using image functionality from `torchvision.io`, you can ignore this warning. Otherwise, there might be something wrong with your environment. Did you have `libjpeg` or `libpng` installed before building `torchvision` from source?
  warn("
pf2-bayesnj-infer,200,100,1,fp32,ok,2.5625,2.0472683906555176,2.0703125,4.378059096634388,,"/envs/pf2/lib/python3.10/site-packages/torchvision/io/image.py:13: UserWarning: Failed to load image Python extension: 'Could not load this library: <pf2-env>/lib/python3.10/site-packages/torchvision/image.so'If you don't plan on using image functionality from `torchvision.io`, you can ignore this warning. Otherwise, there might be something wrong with your environment. Did you have `libjpeg` or `libpng` installed before building `torchvision` from source?
  warn("
pf2-bayesnj-infer,200,250,1,fp32,ok,5.5,4.966503620147705,5.0078125,2.8070415034890175,,"/envs/pf2/lib/python3.10/site-packages/torchvision/io/image.py:13: UserWarning: Failed to load image Python extension: 'Could not load this library: <pf2-env>/lib/python3.10/site-packages/torchvision/image.so'If you don't plan on using image functionality from `torchvision.io`, you can ignore this warning. Otherwise, there might be something wrong with your environment. Did you have `libjpeg` or `libpng` installed before building `torchvision` from source?
  warn("
pf2-bayesnj-infer,200,500,1,fp32,ok,10.3671875,9.83477783203125,9.875,4.056768011301756,,"/envs/pf2/lib/python3.10/site-packages/torchvision/io/image.py:13: UserWarning: Failed to load image Python extension: 'Could not load this library: <pf2-env>/lib/python3.10/site-packages/torchvision/image.so'If you don't plan on using image functionality from `torchvision.io`, you can ignore this warning. Otherwise, there might be something wrong with your environment. Did you have `libjpeg` or `libpng` installed before building `torchvision` from source?
  warn("
pf2-bayesnj-infer,200,1000,1,fp32,ok,20.15625,19.572669506072998,19.6640625,3.314068052917719,,"/envs/pf2/lib/python3.10/site-packages/torchvision/io/image.py:13: UserWarning: Failed to load image Python extension: 'Could not load this library: <pf2-env>/lib/python3.10/site-packages/torchvision/image.so'If you don't plan on using image functionality from `torchvision.io`, you can ignore this warning. Otherwise, there might be something wrong with your environment. Did you have `libjpeg` or `libpng` installed before building `torchvision` from source?
  warn("
pf2-bayesnj-infer,200,2000,1,fp32,ok,39.7265625,39.044593334198,39.234375,3.8231810461729765,,"/envs/pf2/lib/python3.10/site-packages/torchvision/io/image.py:13: UserWarning: Failed to load image Python extension: 'Could not load this library: <pf2-env>/lib/python3.10/site-packages/torchvision/image.so'If you don't plan on using image functionality from `torchvision.io`, you can ignore this warning. Otherwise, there might be something wrong with your environment. Did you have `libjpeg` or `libpng` installed before building `torchvision` from source?
  warn("
pf2-bayesnj-infer,200,3000,1,fp32,ok,59.29296875,58.51445960998535,58.80078125,4.192806139588356,,"/envs/pf2/lib/python3.10/site-packages/torchvision/io/image.py:13: UserWarning: Failed to load image Python extension: 'Could not load this library: <pf2-env>/lib/python3.10/site-packages/torchvision/image.so'If you don't plan on using image functionality from `torchvision.io`, you can ignore this warning. Otherwise, there might be something wrong with your environment. Did you have `libjpeg` or `libpng` installed before building `torchvision` from source?
  warn("
pf2-bayesnj-infer,200,4000,1,fp32,oom,2.169921875,nan,nan,nan,"CUDA out of memory. Tried to allocate 75.91 GiB. GPU 0 has a total capacity of 79.25 GiB of which 73.04 GiB is free. Process 93323 has 3.62 GiB memory in use. Process 1129892 has 414.00 MiB memory in use. Including non-PyTorch memory, this process has 2.17 GiB memory in use. Of the allocated memory 1.30 GiB is allocated by PyTorch, and 392.90 MiB is reserved by PyTorch but unallocated. If reserved but unallocated memory is large try setting PYTORCH_ALLOC_CONF=expandable_segments:True to avoid fragmentation.  See documentation for Memory Management  (https://pytorch.org/docs/stable/notes/cuda.html#environment-variables)","/envs/pf2/lib/python3.10/site-packages/torchvision/io/image.py:13: UserWarning: Failed to load image Python extension: 'Could not load this library: <pf2-env>/lib/python3.10/site-packages/torchvision/image.so'If you don't plan on using image functionality from `torchvision.io`, you can ignore this warning. Otherwise, there might be something wrong with your environment. Did you have `libjpeg` or `libpng` installed before building `torchvision` from source?
  warn("
pf2-bayesnj-infer,200,5000,1,fp32,oom,3.5234375,nan,nan,nan,"CUDA out of memory. Tried to allocate 94.89 GiB. GPU 0 has a total capacity of 79.25 GiB of which 72.64 GiB is free. Process 93323 has 3.62 GiB memory in use. Process 1129892 has 414.00 MiB memory in use. Including non-PyTorch memory, this process has 2.57 GiB memory in use. Of the allocated memory 1.61 GiB is allocated by PyTorch, and 490.87 MiB is reserved by PyTorch but unallocated. If reserved but unallocated memory is large try setting PYTORCH_ALLOC_CONF=expandable_segments:True to avoid fragmentation.  See documentation for Memory Management  (https://pytorch.org/docs/stable/notes/cuda.html#environment-variables)","/envs/pf2/lib/python3.10/site-packages/torchvision/io/image.py:13: UserWarning: Failed to load image Python extension: 'Could not load this library: <pf2-env>/lib/python3.10/site-packages/torchvision/image.so'If you don't plan on using image functionality from `torchvision.io`, you can ignore this warning. Otherwise, there might be something wrong with your environment. Did you have `libjpeg` or `libpng` installed before building `torchvision` from source?
  warn("
pf2-bayesnj-infer,200,10000,1,fp32,oom,6.46875,nan,nan,nan,"CUDA out of memory. Tried to allocate 189.78 GiB. GPU 0 has a total capacity of 79.25 GiB of which 70.65 GiB is free. Process 93323 has 3.62 GiB memory in use. Process 1129892 has 414.00 MiB memory in use. Including non-PyTorch memory, this process has 4.56 GiB memory in use. Of the allocated memory 3.12 GiB is allocated by PyTorch, and 977.15 MiB is reserved by PyTorch but unallocated. If reserved but unallocated memory is large try setting PYTORCH_ALLOC_CONF=expandable_segments:True to avoid fragmentation.  See documentation for Memory Management  (https://pytorch.org/docs/stable/notes/cuda.html#environment-variables)","/envs/pf2/lib/python3.10/site-packages/torchvision/io/image.py:13: UserWarning: Failed to load image Python extension: 'Could not load this library: <pf2-env>/lib/python3.10/site-packages/torchvision/image.so'If you don't plan on using image functionality from `torchvision.io`, you can ignore this warning. Otherwise, there might be something wrong with your environment. Did you have `libjpeg` or `libpng` installed before building `torchvision` from source?
  warn("
pf2-bayesnj-infer,250,100,1,fp32,ok,3.697265625,3.1488685607910156,3.205078125,3.741324972361326,,"/envs/pf2/lib/python3.10/site-packages/torchvision/io/image.py:13: UserWarning: Failed to load image Python extension: 'Could not load this library: <pf2-env>/lib/python3.10/site-packages/torchvision/image.so'If you don't plan on using image functionality from `torchvision.io`, you can ignore this warning. Otherwise, there might be something wrong with your environment. Did you have `libjpeg` or `libpng` installed before building `torchvision` from source?
  warn("
pf2-bayesnj-infer,250,250,1,fp32,ok,8.21484375,7.689250946044922,7.72265625,3.9019914362579584,,"/envs/pf2/lib/python3.10/site-packages/torchvision/io/image.py:13: UserWarning: Failed to load image Python extension: 'Could not load this library: <pf2-env>/lib/python3.10/site-packages/torchvision/image.so'If you don't plan on using image functionality from `torchvision.io`, you can ignore this warning. Otherwise, there might be something wrong with your environment. Did you have `libjpeg` or `libpng` installed before building `torchvision` from source?
  warn("
pf2-bayesnj-infer,250,500,1,fp32,ok,15.794921875,15.263693809509277,15.302734375,3.897682724520564,,"/envs/pf2/lib/python3.10/site-packages/torchvision/io/image.py:13: UserWarning: Failed to load image Python extension: 'Could not load this library: <pf2-env>/lib/python3.10/site-packages/torchvision/image.so'If you don't plan on using image functionality from `torchvision.io`, you can ignore this warning. Otherwise, there might be something wrong with your environment. Did you have `libjpeg` or `libpng` installed before building `torchvision` from source?
  warn("
pf2-bayesnj-infer,250,1000,1,fp32,ok,31.017578125,30.41334581375122,30.525390625,4.1474043522030115,,"/envs/pf2/lib/python3.10/site-packages/torchvision/io/image.py:13: UserWarning: Failed to load image Python extension: 'Could not load this library: <pf2-env>/lib/python3.10/site-packages/torchvision/image.so'If you don't plan on using image functionality from `torchvision.io`, you can ignore this warning. Otherwise, there might be something wrong with your environment. Did you have `libjpeg` or `libpng` installed before building `torchvision` from source?
  warn("
pf2-bayesnj-infer,250,2000,1,fp32,ok,61.4375,60.71447038650513,60.9453125,5.000667795538902,,"/envs/pf2/lib/python3.10/site-packages/torchvision/io/image.py:13: UserWarning: Failed to load image Python extension: 'Could not load this library: <pf2-env>/lib/python3.10/site-packages/torchvision/image.so'If you don't plan on using image functionality from `torchvision.io`, you can ignore this warning. Otherwise, there might be something wrong with your environment. Did you have `libjpeg` or `libpng` installed before building `torchvision` from source?
  warn("
pf2-bayesnj-infer,250,3000,1,fp32,oom,2.0703125,nan,nan,nan,"CUDA out of memory. Tried to allocate 89.05 GiB. GPU 0 has a total capacity of 79.25 GiB of which 73.14 GiB is free. Process 93323 has 3.62 GiB memory in use. Process 1129892 has 414.00 MiB memory in use. Including non-PyTorch memory, this process has 2.07 GiB memory in use. Of the allocated memory 1.24 GiB is allocated by PyTorch, and 354.58 MiB is reserved by PyTorch but unallocated. If reserved but unallocated memory is large try setting PYTORCH_ALLOC_CONF=expandable_segments:True to avoid fragmentation.  See documentation for Memory Management  (https://pytorch.org/docs/stable/notes/cuda.html#environment-variables)","/envs/pf2/lib/python3.10/site-packages/torchvision/io/image.py:13: UserWarning: Failed to load image Python extension: 'Could not load this library: <pf2-env>/lib/python3.10/site-packages/torchvision/image.so'If you don't plan on using image functionality from `torchvision.io`, you can ignore this warning. Otherwise, there might be something wrong with your environment. Did you have `libjpeg` or `libpng` installed before building `torchvision` from source?
  warn("
pf2-bayesnj-infer,250,4000,1,fp32,oom,2.568359375,nan,nan,nan,"CUDA out of memory. Tried to allocate 118.73 GiB. GPU 0 has a total capacity of 79.25 GiB of which 72.64 GiB is free. Process 93323 has 3.62 GiB memory in use. Process 1129892 has 414.00 MiB memory in use. Including non-PyTorch memory, this process has 2.57 GiB memory in use. Of the allocated memory 1.62 GiB is allocated by PyTorch, and 476.37 MiB is reserved by PyTorch but unallocated. If reserved but unallocated memory is large try setting PYTORCH_ALLOC_CONF=expandable_segments:True to avoid fragmentation.  See documentation for Memory Management  (https://pytorch.org/docs/stable/notes/cuda.html#environment-variables)","/envs/pf2/lib/python3.10/site-packages/torchvision/io/image.py:13: UserWarning: Failed to load image Python extension: 'Could not load this library: <pf2-env>/lib/python3.10/site-packages/torchvision/image.so'If you don't plan on using image functionality from `torchvision.io`, you can ignore this warning. Otherwise, there might be something wrong with your environment. Did you have `libjpeg` or `libpng` installed before building `torchvision` from source?
  warn("
pf2-bayesnj-infer,250,5000,1,fp32,oom,4.259765625,nan,nan,nan,"CUDA out of memory. Tried to allocate 148.42 GiB. GPU 0 has a total capacity of 79.25 GiB of which 72.14 GiB is free. Process 93323 has 3.62 GiB memory in use. Process 1129892 has 414.00 MiB memory in use. Including non-PyTorch memory, this process has 3.07 GiB memory in use. Of the allocated memory 2.00 GiB is allocated by PyTorch, and 598.16 MiB is reserved by PyTorch but unallocated. If reserved but unallocated memory is large try setting PYTORCH_ALLOC_CONF=expandable_segments:True to avoid fragmentation.  See documentation for Memory Management  (https://pytorch.org/docs/stable/notes/cuda.html#environment-variables)","/envs/pf2/lib/python3.10/site-packages/torchvision/io/image.py:13: UserWarning: Failed to load image Python extension: 'Could not load this library: <pf2-env>/lib/python3.10/site-packages/torchvision/image.so'If you don't plan on using image functionality from `torchvision.io`, you can ignore this warning. Otherwise, there might be something wrong with your environment. Did you have `libjpeg` or `libpng` installed before building `torchvision` from source?
  warn("
pf2-bayesnj-infer,250,10000,1,fp32,oom,5.556640625,nan,nan,nan,"CUDA out of memory. Tried to allocate 296.83 GiB. GPU 0 has a total capacity of 79.25 GiB of which 69.65 GiB is free. Process 93323 has 3.62 GiB memory in use. Process 1129892 has 414.00 MiB memory in use. Including non-PyTorch memory, this process has 5.56 GiB memory in use. Of the allocated memory 3.90 GiB is allocated by PyTorch, and 1.18 GiB is reserved by PyTorch but unallocated. If reserved but unallocated memory is large try setting PYTORCH_ALLOC_CONF=expandable_segments:True to avoid fragmentation.  See documentation for Memory Management  (https://pytorch.org/docs/stable/notes/cuda.html#environment-variables)","/envs/pf2/lib/python3.10/site-packages/torchvision/io/image.py:13: UserWarning: Failed to load image Python extension: 'Could not load this library: <pf2-env>/lib/python3.10/site-packages/torchvision/image.so'If you don't plan on using image functionality from `torchvision.io`, you can ignore this warning. Otherwise, there might be something wrong with your environment. Did you have `libjpeg` or `libpng` installed before building `torchvision` from source?
  warn("
pf2-bayesnj-infer,300,100,1,fp32,ok,5.046875,4.500499725341797,4.5546875,7.522090403363109,,"/envs/pf2/lib/python3.10/site-packages/torchvision/io/image.py:13: UserWarning: Failed to load image Python extension: 'Could not load this library: <pf2-env>/lib/python3.10/site-packages/torchvision/image.so'If you don't plan on using image functionality from `torchvision.io`, you can ignore this warning. Otherwise, there might be something wrong with your environment. Did you have `libjpeg` or `libpng` installed before building `torchvision` from source?
  warn("
pf2-bayesnj-infer,300,250,1,fp32,ok,11.5703125,11.013437271118164,11.078125,5.443419631570578,,"/envs/pf2/lib/python3.10/site-packages/torchvision/io/image.py:13: UserWarning: Failed to load image Python extension: 'Could not load this library: <pf2-env>/lib/python3.10/site-packages/torchvision/image.so'If you don't plan on using image functionality from `torchvision.io`, you can ignore this warning. Otherwise, there might be something wrong with your environment. Did you have `libjpeg` or `libpng` installed before building `torchvision` from source?
  warn("
pf2-bayesnj-infer,300,500,1,fp32,ok,22.419921875,21.8921160697937,21.927734375,5.809857860207558,,"/envs/pf2/lib/python3.10/site-packages/torchvision/io/image.py:13: UserWarning: Failed to load image Python extension: 'Could not load this library: <pf2-env>/lib/python3.10/site-packages/torchvision/image.so'If you don't plan on using image functionality from `torchvision.io`, you can ignore this warning. Otherwise, there might be something wrong with your environment. Did you have `libjpeg` or `libpng` installed before building `torchvision` from source?
  warn("
pf2-bayesnj-infer,300,1000,1,fp32,ok,44.25,43.64661121368408,43.7578125,5.953001169487834,,"/envs/pf2/lib/python3.10/site-packages/torchvision/io/image.py:13: UserWarning: Failed to load image Python extension: 'Could not load this library: <pf2-env>/lib/python3.10/site-packages/torchvision/image.so'If you don't plan on using image functionality from `torchvision.io`, you can ignore this warning. Otherwise, there might be something wrong with your environment. Did you have `libjpeg` or `libpng` installed before building `torchvision` from source?
  warn("
pf2-bayesnj-infer,300,2000,1,fp32,oom,2.341796875,nan,nan,nan,"CUDA out of memory. Tried to allocate 85.54 GiB. GPU 0 has a total capacity of 79.25 GiB of which 73.44 GiB is free. Process 93323 has 3.62 GiB memory in use. Process 1129892 has 414.00 MiB memory in use. Including non-PyTorch memory, this process has 1.77 GiB memory in use. Of the allocated memory 1.04 GiB is allocated by PyTorch, and 257.96 MiB is reserved by PyTorch but unallocated. If reserved but unallocated memory is large try setting PYTORCH_ALLOC_CONF=expandable_segments:True to avoid fragmentation.  See documentation for Memory Management  (https://pytorch.org/docs/stable/notes/cuda.html#environment-variables)","/envs/pf2/lib/python3.10/site-packages/torchvision/io/image.py:13: UserWarning: Failed to load image Python extension: 'Could not load this library: <pf2-env>/lib/python3.10/site-packages/torchvision/image.so'If you don't plan on using image functionality from `torchvision.io`, you can ignore this warning. Otherwise, there might be something wrong with your environment. Did you have `libjpeg` or `libpng` installed before building `torchvision` from source?
  warn("
pf2-bayesnj-infer,300,3000,1,fp32,oom,3.2265625,nan,nan,nan,"CUDA out of memory. Tried to allocate 128.32 GiB. GPU 0 has a total capacity of 79.25 GiB of which 72.84 GiB is free. Process 93323 has 3.62 GiB memory in use. Process 1129892 has 414.00 MiB memory in use. Including non-PyTorch memory, this process has 2.37 GiB memory in use. Of the allocated memory 1.49 GiB is allocated by PyTorch, and 403.70 MiB is reserved by PyTorch but unallocated. If reserved but unallocated memory is large try setting PYTORCH_ALLOC_CONF=expandable_segments:True to avoid fragmentation.  See documentation for Memory Management  (https://pytorch.org/docs/stable/notes/cuda.html#environment-variables)","/envs/pf2/lib/python3.10/site-packages/torchvision/io/image.py:13: UserWarning: Failed to load image Python extension: 'Could not load this library: <pf2-env>/lib/python3.10/site-packages/torchvision/image.so'If you don't plan on using image functionality from `torchvision.io`, you can ignore this warning. Otherwise, there might be something wrong with your environment. Did you have `libjpeg` or `libpng` installed before building `torchvision` from source?
  warn("
pf2-bayesnj-infer,300,4000,1,fp32,oom,4.107421875,nan,nan,nan,"CUDA out of memory. Tried to allocate 171.09 GiB. GPU 0 has a total capacity of 79.25 GiB of which 72.25 GiB is free. Process 93323 has 3.62 GiB memory in use. Process 1129892 has 414.00 MiB memory in use. Including non-PyTorch memory, this process has 2.96 GiB memory in use. Of the allocated memory 1.95 GiB is allocated by PyTorch, and 547.57 MiB is reserved by PyTorch but unallocated. If reserved but unallocated memory is large try setting PYTORCH_ALLOC_CONF=expandable_segments:True to avoid fragmentation.  See documentation for Memory Management  (https://pytorch.org/docs/stable/notes/cuda.html#environment-variables)","/envs/pf2/lib/python3.10/site-packages/torchvision/io/image.py:13: UserWarning: Failed to load image Python extension: 'Could not load this library: <pf2-env>/lib/python3.10/site-packages/torchvision/image.so'If you don't plan on using image functionality from `torchvision.io`, you can ignore this warning. Otherwise, there might be something wrong with your environment. Did you have `libjpeg` or `libpng` installed before building `torchvision` from source?
  warn("
pf2-bayesnj-infer,300,5000,1,fp32,oom,4.99609375,nan,nan,nan,"CUDA out of memory. Tried to allocate 213.86 GiB. GPU 0 has a total capacity of 79.25 GiB of which 71.65 GiB is free. Process 93323 has 3.62 GiB memory in use. Process 1129892 has 414.00 MiB memory in use. Including non-PyTorch memory, this process has 3.56 GiB memory in use. Of the allocated memory 2.40 GiB is allocated by PyTorch, and 698.30 MiB is reserved by PyTorch but unallocated. If reserved but unallocated memory is large try setting PYTORCH_ALLOC_CONF=expandable_segments:True to avoid fragmentation.  See documentation for Memory Management  (https://pytorch.org/docs/stable/notes/cuda.html#environment-variables)","/envs/pf2/lib/python3.10/site-packages/torchvision/io/image.py:13: UserWarning: Failed to load image Python extension: 'Could not load this library: <pf2-env>/lib/python3.10/site-packages/torchvision/image.so'If you don't plan on using image functionality from `torchvision.io`, you can ignore this warning. Otherwise, there might be something wrong with your environment. Did you have `libjpeg` or `libpng` installed before building `torchvision` from source?
  warn("
pf2-bayesnj-infer,300,10000,1,fp32,oom,9.4140625,nan,nan,nan,"CUDA out of memory. Tried to allocate 427.72 GiB. GPU 0 has a total capacity of 79.25 GiB of which 68.66 GiB is free. Process 93323 has 3.62 GiB memory in use. Process 1129892 has 414.00 MiB memory in use. Including non-PyTorch memory, this process has 6.55 GiB memory in use. Of the allocated memory 4.68 GiB is allocated by PyTorch, and 1.40 GiB is reserved by PyTorch but unallocated. If reserved but unallocated memory is large try setting PYTORCH_ALLOC_CONF=expandable_segments:True to avoid fragmentation.  See documentation for Memory Management  (https://pytorch.org/docs/stable/notes/cuda.html#environment-variables)","/envs/pf2/lib/python3.10/site-packages/torchvision/io/image.py:13: UserWarning: Failed to load image Python extension: 'Could not load this library: <pf2-env>/lib/python3.10/site-packages/torchvision/image.so'If you don't plan on using image functionality from `torchvision.io`, you can ignore this warning. Otherwise, there might be something wrong with your environment. Did you have `libjpeg` or `libpng` installed before building `torchvision` from source?
  warn("
pf2-bayesnj-infer,350,100,1,fp32,ok,6.65625,6.100427150726318,6.1640625,7.556903367862105,,"/envs/pf2/lib/python3.10/site-packages/torchvision/io/image.py:13: UserWarning: Failed to load image Python extension: 'Could not load this library: <pf2-env>/lib/python3.10/site-packages/torchvision/image.so'If you don't plan on using image functionality from `torchvision.io`, you can ignore this warning. Otherwise, there might be something wrong with your environment. Did you have `libjpeg` or `libpng` installed before building `torchvision` from source?
  warn("
pf2-bayesnj-infer,350,250,1,fp32,ok,15.486328125,14.9414701461792,14.994140625,7.297919884324074,,"/envs/pf2/lib/python3.10/site-packages/torchvision/io/image.py:13: UserWarning: Failed to load image Python extension: 'Could not load this library: <pf2-env>/lib/python3.10/site-packages/torchvision/image.so'If you don't plan on using image functionality from `torchvision.io`, you can ignore this warning. Otherwise, there might be something wrong with your environment. Did you have `libjpeg` or `libpng` installed before building `torchvision` from source?
  warn("
pf2-bayesnj-infer,350,500,1,fp32,ok,30.228515625,29.719308376312256,29.736328125,7.344586629420519,,"/envs/pf2/lib/python3.10/site-packages/torchvision/io/image.py:13: UserWarning: Failed to load image Python extension: 'Could not load this library: <pf2-env>/lib/python3.10/site-packages/torchvision/image.so'If you don't plan on using image functionality from `torchvision.io`, you can ignore this warning. Otherwise, there might be something wrong with your environment. Did you have `libjpeg` or `libpng` installed before building `torchvision` from source?
  warn("
pf2-bayesnj-infer,350,1000,1,fp32,ok,59.8671875,59.273810386657715,59.375,8.41115477308631,,"/envs/pf2/lib/python3.10/site-packages/torchvision/io/image.py:13: UserWarning: Failed to load image Python extension: 'Could not load this library: <pf2-env>/lib/python3.10/site-packages/torchvision/image.so'If you don't plan on using image functionality from `torchvision.io`, you can ignore this warning. Otherwise, there might be something wrong with your environment. Did you have `libjpeg` or `libpng` installed before building `torchvision` from source?
  warn("
pf2-bayesnj-infer,350,2000,1,fp32,oom,2.634765625,nan,nan,nan,"CUDA out of memory. Tried to allocate 116.49 GiB. GPU 0 has a total capacity of 79.25 GiB of which 73.24 GiB is free. Process 93323 has 3.62 GiB memory in use. Process 1129892 has 414.00 MiB memory in use. Including non-PyTorch memory, this process has 1.97 GiB memory in use. Of the allocated memory 1.22 GiB is allocated by PyTorch, and 273.35 MiB is reserved by PyTorch but unallocated. If reserved but unallocated memory is large try setting PYTORCH_ALLOC_CONF=expandable_segments:True to avoid fragmentation.  See documentation for Memory Management  (https://pytorch.org/docs/stable/notes/cuda.html#environment-variables)","/envs/pf2/lib/python3.10/site-packages/torchvision/io/image.py:13: UserWarning: Failed to load image Python extension: 'Could not load this library: <pf2-env>/lib/python3.10/site-packages/torchvision/image.so'If you don't plan on using image functionality from `torchvision.io`, you can ignore this warning. Otherwise, there might be something wrong with your environment. Did you have `libjpeg` or `libpng` installed before building `torchvision` from source?
  warn("
pf2-bayesnj-infer,350,3000,1,fp32,oom,2.66796875,nan,nan,nan,"CUDA out of memory. Tried to allocate 174.74 GiB. GPU 0 has a total capacity of 79.25 GiB of which 72.54 GiB is free. Process 93323 has 3.62 GiB memory in use. Process 1129892 has 414.00 MiB memory in use. Including non-PyTorch memory, this process has 2.67 GiB memory in use. Of the allocated memory 1.75 GiB is allocated by PyTorch, and 448.53 MiB is reserved by PyTorch but unallocated. If reserved but unallocated memory is large try setting PYTORCH_ALLOC_CONF=expandable_segments:True to avoid fragmentation.  See documentation for Memory Management  (https://pytorch.org/docs/stable/notes/cuda.html#environment-variables)","/envs/pf2/lib/python3.10/site-packages/torchvision/io/image.py:13: UserWarning: Failed to load image Python extension: 'Could not load this library: <pf2-env>/lib/python3.10/site-packages/torchvision/image.so'If you don't plan on using image functionality from `torchvision.io`, you can ignore this warning. Otherwise, there might be something wrong with your environment. Did you have `libjpeg` or `libpng` installed before building `torchvision` from source?
  warn("
pf2-bayesnj-infer,350,4000,1,fp32,oom,4.69921875,nan,nan,nan,"CUDA out of memory. Tried to allocate 232.98 GiB. GPU 0 has a total capacity of 79.25 GiB of which 71.85 GiB is free. Process 93323 has 3.62 GiB memory in use. Process 1129892 has 414.00 MiB memory in use. Including non-PyTorch memory, this process has 3.36 GiB memory in use. Of the allocated memory 2.28 GiB is allocated by PyTorch, and 616.52 MiB is reserved by PyTorch but unallocated. If reserved but unallocated memory is large try setting PYTORCH_ALLOC_CONF=expandable_segments:True to avoid fragmentation.  See documentation for Memory Management  (https://pytorch.org/docs/stable/notes/cuda.html#environment-variables)","/envs/pf2/lib/python3.10/site-packages/torchvision/io/image.py:13: UserWarning: Failed to load image Python extension: 'Could not load this library: <pf2-env>/lib/python3.10/site-packages/torchvision/image.so'If you don't plan on using image functionality from `torchvision.io`, you can ignore this warning. Otherwise, there might be something wrong with your environment. Did you have `libjpeg` or `libpng` installed before building `torchvision` from source?
  warn("
pf2-bayesnj-infer,350,5000,1,fp32,oom,5.732421875,nan,nan,nan,"CUDA out of memory. Tried to allocate 291.23 GiB. GPU 0 has a total capacity of 79.25 GiB of which 71.15 GiB is free. Process 93323 has 3.62 GiB memory in use. Process 1129892 has 414.00 MiB memory in use. Including non-PyTorch memory, this process has 4.06 GiB memory in use. Of the allocated memory 2.81 GiB is allocated by PyTorch, and 789.87 MiB is reserved by PyTorch but unallocated. If reserved but unallocated memory is large try setting PYTORCH_ALLOC_CONF=expandable_segments:True to avoid fragmentation.  See documentation for Memory Management  (https://pytorch.org/docs/stable/notes/cuda.html#environment-variables)","/envs/pf2/lib/python3.10/site-packages/torchvision/io/image.py:13: UserWarning: Failed to load image Python extension: 'Could not load this library: <pf2-env>/lib/python3.10/site-packages/torchvision/image.so'If you don't plan on using image functionality from `torchvision.io`, you can ignore this warning. Otherwise, there might be something wrong with your environment. Did you have `libjpeg` or `libpng` installed before building `torchvision` from source?
  warn("
pf2-bayesnj-infer,350,10000,1,fp32,oom,10.88671875,nan,nan,nan,"CUDA out of memory. Tried to allocate 582.46 GiB. GPU 0 has a total capacity of 79.25 GiB of which 67.66 GiB is free. Process 93323 has 3.62 GiB memory in use. Process 1129892 has 414.00 MiB memory in use. Including non-PyTorch memory, this process has 7.55 GiB memory in use. Of the allocated memory 5.46 GiB is allocated by PyTorch, and 1.60 GiB is reserved by PyTorch but unallocated. If reserved but unallocated memory is large try setting PYTORCH_ALLOC_CONF=expandable_segments:True to avoid fragmentation.  See documentation for Memory Management  (https://pytorch.org/docs/stable/notes/cuda.html#environment-variables)","/envs/pf2/lib/python3.10/site-packages/torchvision/io/image.py:13: UserWarning: Failed to load image Python extension: 'Could not load this library: <pf2-env>/lib/python3.10/site-packages/torchvision/image.so'If you don't plan on using image functionality from `torchvision.io`, you can ignore this warning. Otherwise, there might be something wrong with your environment. Did you have `libjpeg` or `libpng` installed before building `torchvision` from source?
  warn("
pf2-bayesnj-infer,400,100,1,fp32,ok,8.509765625,7.950888156890869,8.017578125,10.023277619853616,,"/envs/pf2/lib/python3.10/site-packages/torchvision/io/image.py:13: UserWarning: Failed to load image Python extension: 'Could not load this library: <pf2-env>/lib/python3.10/site-packages/torchvision/image.so'If you don't plan on using image functionality from `torchvision.io`, you can ignore this warning. Otherwise, there might be something wrong with your environment. Did you have `libjpeg` or `libpng` installed before building `torchvision` from source?
  warn("
pf2-bayesnj-infer,400,250,1,fp32,ok,20.021484375,19.475834846496582,19.529296875,10.090138893574476,,"/envs/pf2/lib/python3.10/site-packages/torchvision/io/image.py:13: UserWarning: Failed to load image Python extension: 'Could not load this library: <pf2-env>/lib/python3.10/site-packages/torchvision/image.so'If you don't plan on using image functionality from `torchvision.io`, you can ignore this warning. Otherwise, there might be something wrong with your environment. Did you have `libjpeg` or `libpng` installed before building `torchvision` from source?
  warn("
pf2-bayesnj-infer,400,500,1,fp32,ok,39.421875,38.74984359741211,38.9296875,10.600780019536614,,"/envs/pf2/lib/python3.10/site-packages/torchvision/io/image.py:13: UserWarning: Failed to load image Python extension: 'Could not load this library: <pf2-env>/lib/python3.10/site-packages/torchvision/image.so'If you don't plan on using image functionality from `torchvision.io`, you can ignore this warning. Otherwise, there might be something wrong with your environment. Did you have `libjpeg` or `libpng` installed before building `torchvision` from source?
  warn("
pf2-bayesnj-infer,400,1000,1,fp32,oom,1.75390625,nan,nan,nan,"CUDA out of memory. Tried to allocate 76.10 GiB. GPU 0 has a total capacity of 79.25 GiB of which 73.84 GiB is free. Process 93323 has 3.62 GiB memory in use. Process 1129892 has 414.00 MiB memory in use. Including non-PyTorch memory, this process has 1.37 GiB memory in use. Of the allocated memory 821.50 MiB is allocated by PyTorch, and 88.50 MiB is reserved by PyTorch but unallocated. If reserved but unallocated memory is large try setting PYTORCH_ALLOC_CONF=expandable_segments:True to avoid fragmentation.  See documentation for Memory Management  (https://pytorch.org/docs/stable/notes/cuda.html#environment-variables)","/envs/pf2/lib/python3.10/site-packages/torchvision/io/image.py:13: UserWarning: Failed to load image Python extension: 'Could not load this library: <pf2-env>/lib/python3.10/site-packages/torchvision/image.so'If you don't plan on using image functionality from `torchvision.io`, you can ignore this warning. Otherwise, there might be something wrong with your environment. Did you have `libjpeg` or `libpng` installed before building `torchvision` from source?
  warn("
pf2-bayesnj-infer,400,2000,1,fp32,oom,2.93359375,nan,nan,nan,"CUDA out of memory. Tried to allocate 152.21 GiB. GPU 0 has a total capacity of 79.25 GiB of which 73.04 GiB is free. Process 93323 has 3.62 GiB memory in use. Process 1129892 has 414.00 MiB memory in use. Including non-PyTorch memory, this process has 2.17 GiB memory in use. Of the allocated memory 1.41 GiB is allocated by PyTorch, and 286.31 MiB is reserved by PyTorch but unallocated. If reserved but unallocated memory is large try setting PYTORCH_ALLOC_CONF=expandable_segments:True to avoid fragmentation.  See documentation for Memory Management  (https://pytorch.org/docs/stable/notes/cuda.html#environment-variables)","/envs/pf2/lib/python3.10/site-packages/torchvision/io/image.py:13: UserWarning: Failed to load image Python extension: 'Could not load this library: <pf2-env>/lib/python3.10/site-packages/torchvision/image.so'If you don't plan on using image functionality from `torchvision.io`, you can ignore this warning. Otherwise, there might be something wrong with your environment. Did you have `libjpeg` or `libpng` installed before building `torchvision` from source?
  warn("
pf2-bayesnj-infer,400,3000,1,fp32,oom,4.107421875,nan,nan,nan,"CUDA out of memory. Tried to allocate 228.31 GiB. GPU 0 has a total capacity of 79.25 GiB of which 72.25 GiB is free. Process 93323 has 3.62 GiB memory in use. Process 1129892 has 414.00 MiB memory in use. Including non-PyTorch memory, this process has 2.96 GiB memory in use. Of the allocated memory 2.01 GiB is allocated by PyTorch, and 477.13 MiB is reserved by PyTorch but unallocated. If reserved but unallocated memory is large try setting PYTORCH_ALLOC_CONF=expandable_segments:True to avoid fragmentation.  See documentation for Memory Management  (https://pytorch.org/docs/stable/notes/cuda.html#environment-variables)","/envs/pf2/lib/python3.10/site-packages/torchvision/io/image.py:13: UserWarning: Failed to load image Python extension: 'Could not load this library: <pf2-env>/lib/python3.10/site-packages/torchvision/image.so'If you don't plan on using image functionality from `torchvision.io`, you can ignore this warning. Otherwise, there might be something wrong with your environment. Did you have `libjpeg` or `libpng` installed before building `torchvision` from source?
  warn("
pf2-bayesnj-infer,400,4000,1,fp32,oom,5.291015625,nan,nan,nan,"CUDA out of memory. Tried to allocate 304.41 GiB. GPU 0 has a total capacity of 79.25 GiB of which 71.45 GiB is free. Process 93323 has 3.62 GiB memory in use. Process 1129892 has 414.00 MiB memory in use. Including non-PyTorch memory, this process has 3.76 GiB memory in use. Of the allocated memory 2.62 GiB is allocated by PyTorch, and 676.25 MiB is reserved by PyTorch but unallocated. If reserved but unallocated memory is large try setting PYTORCH_ALLOC_CONF=expandable_segments:True to avoid fragmentation.  See documentation for Memory Management  (https://pytorch.org/docs/stable/notes/cuda.html#environment-variables)","/envs/pf2/lib/python3.10/site-packages/torchvision/io/image.py:13: UserWarning: Failed to load image Python extension: 'Could not load this library: <pf2-env>/lib/python3.10/site-packages/torchvision/image.so'If you don't plan on using image functionality from `torchvision.io`, you can ignore this warning. Otherwise, there might be something wrong with your environment. Did you have `libjpeg` or `libpng` installed before building `torchvision` from source?
  warn("
pf2-bayesnj-infer,400,5000,1,fp32,oom,6.46875,nan,nan,nan,"CUDA out of memory. Tried to allocate 380.52 GiB. GPU 0 has a total capacity of 79.25 GiB of which 70.65 GiB is free. Process 93323 has 3.62 GiB memory in use. Process 1129892 has 414.00 MiB memory in use. Including non-PyTorch memory, this process has 4.56 GiB memory in use. Of the allocated memory 3.23 GiB is allocated by PyTorch, and 870.57 MiB is reserved by PyTorch but unallocated. If reserved but unallocated memory is large try setting PYTORCH_ALLOC_CONF=expandable_segments:True to avoid fragmentation.  See documentation for Memory Management  (https://pytorch.org/docs/stable/notes/cuda.html#environment-variables)","/envs/pf2/lib/python3.10/site-packages/torchvision/io/image.py:13: UserWarning: Failed to load image Python extension: 'Could not load this library: <pf2-env>/lib/python3.10/site-packages/torchvision/image.so'If you don't plan on using image functionality from `torchvision.io`, you can ignore this warning. Otherwise, there might be something wrong with your environment. Did you have `libjpeg` or `libpng` installed before building `torchvision` from source?
  warn("
pf2-bayesnj-infer,400,10000,1,fp32,oom,12.36328125,nan,nan,nan,"CUDA out of memory. Tried to allocate 761.03 GiB. GPU 0 has a total capacity of 79.25 GiB of which 66.66 GiB is free. Process 93323 has 3.62 GiB memory in use. Process 1129892 has 414.00 MiB memory in use. Including non-PyTorch memory, this process has 8.55 GiB memory in use. Of the allocated memory 6.26 GiB is allocated by PyTorch, and 1.80 GiB is reserved by PyTorch but unallocated. If reserved but unallocated memory is large try setting PYTORCH_ALLOC_CONF=expandable_segments:True to avoid fragmentation.  See documentation for Memory Management  (https://pytorch.org/docs/stable/notes/cuda.html#environment-variables)","/envs/pf2/lib/python3.10/site-packages/torchvision/io/image.py:13: UserWarning: Failed to load image Python extension: 'Could not load this library: <pf2-env>/lib/python3.10/site-packages/torchvision/image.so'If you don't plan on using image functionality from `torchvision.io`, you can ignore this warning. Otherwise, there might be something wrong with your environment. Did you have `libjpeg` or `libpng` installed before building `torchvision` from source?
  warn("
pf2-bayesnj-infer,450,100,1,fp32,ok,10.619140625,10.05272626876831,10.126953125,13.577520875260234,,"/envs/pf2/lib/python3.10/site-packages/torchvision/io/image.py:13: UserWarning: Failed to load image Python extension: 'Could not load this library: <pf2-env>/lib/python3.10/site-packages/torchvision/image.so'If you don't plan on using image functionality from `torchvision.io`, you can ignore this warning. Otherwise, there might be something wrong with your environment. Did you have `libjpeg` or `libpng` installed before building `torchvision` from source?
  warn("
pf2-bayesnj-infer,450,250,1,fp32,ok,25.169921875,24.61751937866211,24.677734375,13.84138111025095,,"/envs/pf2/lib/python3.10/site-packages/torchvision/io/image.py:13: UserWarning: Failed to load image Python extension: 'Could not load this library: <pf2-env>/lib/python3.10/site-packages/torchvision/image.so'If you don't plan on using image functionality from `torchvision.io`, you can ignore this warning. Otherwise, there might be something wrong with your environment. Did you have `libjpeg` or `libpng` installed before building `torchvision` from source?
  warn("
pf2-bayesnj-infer,450,500,1,fp32,ok,49.640625,48.98170471191406,49.1484375,14.011881966143847,,"/envs/pf2/lib/python3.10/site-packages/torchvision/io/image.py:13: UserWarning: Failed to load image Python extension: 'Could not load this library: <pf2-env>/lib/python3.10/site-packages/torchvision/image.so'If you don't plan on using image functionality from `torchvision.io`, you can ignore this warning. Otherwise, there might be something wrong with your environment. Did you have `libjpeg` or `libpng` installed before building `torchvision` from source?
  warn("
pf2-bayesnj-infer,450,1000,1,fp32,oom,1.8984375,nan,nan,nan,"CUDA out of memory. Tried to allocate 96.35 GiB. GPU 0 has a total capacity of 79.25 GiB of which 73.74 GiB is free. Process 93323 has 3.62 GiB memory in use. Process 1129892 has 414.00 MiB memory in use. Including non-PyTorch memory, this process has 1.47 GiB memory in use. Of the allocated memory 950.53 MiB is allocated by PyTorch, and 59.47 MiB is reserved by PyTorch but unallocated. If reserved but unallocated memory is large try setting PYTORCH_ALLOC_CONF=expandable_segments:True to avoid fragmentation.  See documentation for Memory Management  (https://pytorch.org/docs/stable/notes/cuda.html#environment-variables)","/envs/pf2/lib/python3.10/site-packages/torchvision/io/image.py:13: UserWarning: Failed to load image Python extension: 'Could not load this library: <pf2-env>/lib/python3.10/site-packages/torchvision/image.so'If you don't plan on using image functionality from `torchvision.io`, you can ignore this warning. Otherwise, there might be something wrong with your environment. Did you have `libjpeg` or `libpng` installed before building `torchvision` from source?
  warn("
pf2-bayesnj-infer,450,2000,1,fp32,oom,3.2265625,nan,nan,nan,"CUDA out of memory. Tried to allocate 192.69 GiB. GPU 0 has a total capacity of 79.25 GiB of which 72.84 GiB is free. Process 93323 has 3.62 GiB memory in use. Process 1129892 has 414.00 MiB memory in use. Including non-PyTorch memory, this process has 2.37 GiB memory in use. Of the allocated memory 1.61 GiB is allocated by PyTorch, and 281.60 MiB is reserved by PyTorch but unallocated. If reserved but unallocated memory is large try setting PYTORCH_ALLOC_CONF=expandable_segments:True to avoid fragmentation.  See documentation for Memory Management  (https://pytorch.org/docs/stable/notes/cuda.html#environment-variables)","/envs/pf2/lib/python3.10/site-packages/torchvision/io/image.py:13: UserWarning: Failed to load image Python extension: 'Could not load this library: <pf2-env>/lib/python3.10/site-packages/torchvision/image.so'If you don't plan on using image functionality from `torchvision.io`, you can ignore this warning. Otherwise, there might be something wrong with your environment. Did you have `libjpeg` or `libpng` installed before building `torchvision` from source?
  warn("
pf2-bayesnj-infer,450,3000,1,fp32,oom,4.5546875,nan,nan,nan,"CUDA out of memory. Tried to allocate 289.04 GiB. GPU 0 has a total capacity of 79.25 GiB of which 71.95 GiB is free. Process 93323 has 3.62 GiB memory in use. Process 1129892 has 414.00 MiB memory in use. Including non-PyTorch memory, this process has 3.27 GiB memory in use. Of the allocated memory 2.29 GiB is allocated by PyTorch, and 502.67 MiB is reserved by PyTorch but unallocated. If reserved but unallocated memory is large try setting PYTORCH_ALLOC_CONF=expandable_segments:True to avoid fragmentation.  See documentation for Memory Management  (https://pytorch.org/docs/stable/notes/cuda.html#environment-variables)","/envs/pf2/lib/python3.10/site-packages/torchvision/io/image.py:13: UserWarning: Failed to load image Python extension: 'Could not load this library: <pf2-env>/lib/python3.10/site-packages/torchvision/image.so'If you don't plan on using image functionality from `torchvision.io`, you can ignore this warning. Otherwise, there might be something wrong with your environment. Did you have `libjpeg` or `libpng` installed before building `torchvision` from source?
  warn("
pf2-bayesnj-infer,450,4000,1,fp32,oom,5.876953125,nan,nan,nan,"CUDA out of memory. Tried to allocate 385.38 GiB. GPU 0 has a total capacity of 79.25 GiB of which 71.05 GiB is free. Process 93323 has 3.62 GiB memory in use. Process 1129892 has 414.00 MiB memory in use. Including non-PyTorch memory, this process has 4.16 GiB memory in use. Of the allocated memory 2.97 GiB is allocated by PyTorch, and 720.57 MiB is reserved by PyTorch but unallocated. If reserved but unallocated memory is large try setting PYTORCH_ALLOC_CONF=expandable_segments:True to avoid fragmentation.  See documentation for Memory Management  (https://pytorch.org/docs/stable/notes/cuda.html#environment-variables)","/envs/pf2/lib/python3.10/site-packages/torchvision/io/image.py:13: UserWarning: Failed to load image Python extension: 'Could not load this library: <pf2-env>/lib/python3.10/site-packages/torchvision/image.so'If you don't plan on using image functionality from `torchvision.io`, you can ignore this warning. Otherwise, there might be something wrong with your environment. Did you have `libjpeg` or `libpng` installed before building `torchvision` from source?
  warn("
pf2-bayesnj-infer,450,5000,1,fp32,oom,7.205078125,nan,nan,nan,"CUDA out of memory. Tried to allocate 481.73 GiB. GPU 0 has a total capacity of 79.25 GiB of which 70.15 GiB is free. Process 93323 has 3.62 GiB memory in use. Process 1129892 has 414.00 MiB memory in use. Including non-PyTorch memory, this process has 5.06 GiB memory in use. Of the allocated memory 3.66 GiB is allocated by PyTorch, and 940.84 MiB is reserved by PyTorch but unallocated. If reserved but unallocated memory is large try setting PYTORCH_ALLOC_CONF=expandable_segments:True to avoid fragmentation.  See documentation for Memory Management  (https://pytorch.org/docs/stable/notes/cuda.html#environment-variables)","/envs/pf2/lib/python3.10/site-packages/torchvision/io/image.py:13: UserWarning: Failed to load image Python extension: 'Could not load this library: <pf2-env>/lib/python3.10/site-packages/torchvision/image.so'If you don't plan on using image functionality from `torchvision.io`, you can ignore this warning. Otherwise, there might be something wrong with your environment. Did you have `libjpeg` or `libpng` installed before building `torchvision` from source?
  warn("
pf2-bayesnj-infer,450,10000,1,fp32,oom,13.8359375,nan,nan,nan,"CUDA out of memory. Tried to allocate 963.45 GiB. GPU 0 has a total capacity of 79.25 GiB of which 65.67 GiB is free. Process 93323 has 3.62 GiB memory in use. Process 1129892 has 414.00 MiB memory in use. Including non-PyTorch memory, this process has 9.54 GiB memory in use. Of the allocated memory 7.07 GiB is allocated by PyTorch, and 1.99 GiB is reserved by PyTorch but unallocated. If reserved but unallocated memory is large try setting PYTORCH_ALLOC_CONF=expandable_segments:True to avoid fragmentation.  See documentation for Memory Management  (https://pytorch.org/docs/stable/notes/cuda.html#environment-variables)","/envs/pf2/lib/python3.10/site-packages/torchvision/io/image.py:13: UserWarning: Failed to load image Python extension: 'Could not load this library: <pf2-env>/lib/python3.10/site-packages/torchvision/image.so'If you don't plan on using image functionality from `torchvision.io`, you can ignore this warning. Otherwise, there might be something wrong with your environment. Did you have `libjpeg` or `libpng` installed before building `torchvision` from source?
  warn("
pf2-bayesnj-infer,500,100,1,fp32,ok,13.005859375,12.407692909240723,12.513671875,18.216733315959573,,"/envs/pf2/lib/python3.10/site-packages/torchvision/io/image.py:13: UserWarning: Failed to load image Python extension: 'Could not load this library: <pf2-env>/lib/python3.10/site-packages/torchvision/image.so'If you don't plan on using image functionality from `torchvision.io`, you can ignore this warning. Otherwise, there might be something wrong with your environment. Did you have `libjpeg` or `libpng` installed before building `torchvision` from source?
  warn("
pf2-bayesnj-infer,500,250,1,fp32,ok,30.927734375,30.368048667907715,30.435546875,18.652052463963628,,"/envs/pf2/lib/python3.10/site-packages/torchvision/io/image.py:13: UserWarning: Failed to load image Python extension: 'Could not load this library: <pf2-env>/lib/python3.10/site-packages/torchvision/image.so'If you don't plan on using image functionality from `torchvision.io`, you can ignore this warning. Otherwise, there might be something wrong with your environment. Did you have `libjpeg` or `libpng` installed before building `torchvision` from source?
  warn("
pf2-bayesnj-infer,500,500,1,fp32,ok,61.05859375,60.41945743560791,60.56640625,18.903864623978734,,"/envs/pf2/lib/python3.10/site-packages/torchvision/io/image.py:13: UserWarning: Failed to load image Python extension: 'Could not load this library: <pf2-env>/lib/python3.10/site-packages/torchvision/image.so'If you don't plan on using image functionality from `torchvision.io`, you can ignore this warning. Otherwise, there might be something wrong with your environment. Did you have `libjpeg` or `libpng` installed before building `torchvision` from source?
  warn("
pf2-bayesnj-infer,500,1000,1,fp32,oom,2.05078125,nan,nan,nan,"CUDA out of memory. Tried to allocate 118.97 GiB. GPU 0 has a total capacity of 79.25 GiB of which 73.64 GiB is free. Process 93323 has 3.62 GiB memory in use. Process 1129892 has 414.00 MiB memory in use. Including non-PyTorch memory, this process has 1.57 GiB memory in use. Of the allocated memory 1.07 GiB is allocated by PyTorch, and 24.53 MiB is reserved by PyTorch but unallocated. If reserved but unallocated memory is large try setting PYTORCH_ALLOC_CONF=expandable_segments:True to avoid fragmentation.  See documentation for Memory Management  (https://pytorch.org/docs/stable/notes/cuda.html#environment-variables)","/envs/pf2/lib/python3.10/site-packages/torchvision/io/image.py:13: UserWarning: Failed to load image Python extension: 'Could not load this library: <pf2-env>/lib/python3.10/site-packages/torchvision/image.so'If you don't plan on using image functionality from `torchvision.io`, you can ignore this warning. Otherwise, there might be something wrong with your environment. Did you have `libjpeg` or `libpng` installed before building `torchvision` from source?
  warn("
pf2-bayesnj-infer,500,2000,1,fp32,oom,3.5234375,nan,nan,nan,"CUDA out of memory. Tried to allocate 237.94 GiB. GPU 0 has a total capacity of 79.25 GiB of which 72.64 GiB is free. Process 93323 has 3.62 GiB memory in use. Process 1129892 has 414.00 MiB memory in use. Including non-PyTorch memory, this process has 2.57 GiB memory in use. Of the allocated memory 1.82 GiB is allocated by PyTorch, and 268.11 MiB is reserved by PyTorch but unallocated. If reserved but unallocated memory is large try setting PYTORCH_ALLOC_CONF=expandable_segments:True to avoid fragmentation.  See documentation for Memory Management  (https://pytorch.org/docs/stable/notes/cuda.html#environment-variables)","/envs/pf2/lib/python3.10/site-packages/torchvision/io/image.py:13: UserWarning: Failed to load image Python extension: 'Could not load this library: <pf2-env>/lib/python3.10/site-packages/torchvision/image.so'If you don't plan on using image functionality from `torchvision.io`, you can ignore this warning. Otherwise, there might be something wrong with your environment. Did you have `libjpeg` or `libpng` installed before building `torchvision` from source?
  warn("
pf2-bayesnj-infer,500,3000,1,fp32,oom,4.99609375,nan,nan,nan,"CUDA out of memory. Tried to allocate 356.91 GiB. GPU 0 has a total capacity of 79.25 GiB of which 71.65 GiB is free. Process 93323 has 3.62 GiB memory in use. Process 1129892 has 414.00 MiB memory in use. Including non-PyTorch memory, this process has 3.56 GiB memory in use. Of the allocated memory 2.58 GiB is allocated by PyTorch, and 511.69 MiB is reserved by PyTorch but unallocated. If reserved but unallocated memory is large try setting PYTORCH_ALLOC_CONF=expandable_segments:True to avoid fragmentation.  See documentation for Memory Management  (https://pytorch.org/docs/stable/notes/cuda.html#environment-variables)","/envs/pf2/lib/python3.10/site-packages/torchvision/io/image.py:13: UserWarning: Failed to load image Python extension: 'Could not load this library: <pf2-env>/lib/python3.10/site-packages/torchvision/image.so'If you don't plan on using image functionality from `torchvision.io`, you can ignore this warning. Otherwise, there might be something wrong with your environment. Did you have `libjpeg` or `libpng` installed before building `torchvision` from source?
  warn("
pf2-bayesnj-infer,500,4000,1,fp32,oom,6.46875,nan,nan,nan,"CUDA out of memory. Tried to allocate 475.88 GiB. GPU 0 has a total capacity of 79.25 GiB of which 70.65 GiB is free. Process 93323 has 3.62 GiB memory in use. Process 1129892 has 414.00 MiB memory in use. Including non-PyTorch memory, this process has 4.56 GiB memory in use. Of the allocated memory 3.34 GiB is allocated by PyTorch, and 754.39 MiB is reserved by PyTorch but unallocated. If reserved but unallocated memory is large try setting PYTORCH_ALLOC_CONF=expandable_segments:True to avoid fragmentation.  See documentation for Memory Management  (https://pytorch.org/docs/stable/notes/cuda.html#environment-variables)","/envs/pf2/lib/python3.10/site-packages/torchvision/io/image.py:13: UserWarning: Failed to load image Python extension: 'Could not load this library: <pf2-env>/lib/python3.10/site-packages/torchvision/image.so'If you don't plan on using image functionality from `torchvision.io`, you can ignore this warning. Otherwise, there might be something wrong with your environment. Did you have `libjpeg` or `libpng` installed before building `torchvision` from source?
  warn("
pf2-bayesnj-infer,500,5000,1,fp32,oom,7.94140625,nan,nan,nan,"CUDA out of memory. Tried to allocate 594.86 GiB. GPU 0 has a total capacity of 79.25 GiB of which 69.65 GiB is free. Process 93323 has 3.62 GiB memory in use. Process 1129892 has 414.00 MiB memory in use. Including non-PyTorch memory, this process has 5.56 GiB memory in use. Of the allocated memory 4.10 GiB is allocated by PyTorch, and 998.25 MiB is reserved by PyTorch but unallocated. If reserved but unallocated memory is large try setting PYTORCH_ALLOC_CONF=expandable_segments:True to avoid fragmentation.  See documentation for Memory Management  (https://pytorch.org/docs/stable/notes/cuda.html#environment-variables)","/envs/pf2/lib/python3.10/site-packages/torchvision/io/image.py:13: UserWarning: Failed to load image Python extension: 'Could not load this library: <pf2-env>/lib/python3.10/site-packages/torchvision/image.so'If you don't plan on using image functionality from `torchvision.io`, you can ignore this warning. Otherwise, there might be something wrong with your environment. Did you have `libjpeg` or `libpng` installed before building `torchvision` from source?
  warn("
pf2-bayesnj-infer,500,10000,1,fp32,oom,15.30859375,nan,nan,nan,"CUDA out of memory. Tried to allocate 1189.71 GiB. GPU 0 has a total capacity of 79.25 GiB of which 64.67 GiB is free. Process 93323 has 3.62 GiB memory in use. Process 1129892 has 414.00 MiB memory in use. Including non-PyTorch memory, this process has 10.54 GiB memory in use. Of the allocated memory 7.89 GiB is allocated by PyTorch, and 2.17 GiB is reserved by PyTorch but unallocated. If reserved but unallocated memory is large try setting PYTORCH_ALLOC_CONF=expandable_segments:True to avoid fragmentation.  See documentation for Memory Management  (https://pytorch.org/docs/stable/notes/cuda.html#environment-variables)","/envs/pf2/lib/python3.10/site-packages/torchvision/io/image.py:13: UserWarning: Failed to load image Python extension: 'Could not load this library: <pf2-env>/lib/python3.10/site-packages/torchvision/image.so'If you don't plan on using image functionality from `torchvision.io`, you can ignore this warning. Otherwise, there might be something wrong with your environment. Did you have `libjpeg` or `libpng` installed before building `torchvision` from source?
  warn("
pf2-bayesnj-infer,550,100,1,fp32,ok,15.6171875,15.019209384918213,15.125,24.26238041371107,,"/envs/pf2/lib/python3.10/site-packages/torchvision/io/image.py:13: UserWarning: Failed to load image Python extension: 'Could not load this library: <pf2-env>/lib/python3.10/site-packages/torchvision/image.so'If you don't plan on using image functionality from `torchvision.io`, you can ignore this warning. Otherwise, there might be something wrong with your environment. Did you have `libjpeg` or `libpng` installed before building `torchvision` from source?
  warn("
pf2-bayesnj-infer,550,250,1,fp32,ok,37.447265625,36.74251079559326,36.955078125,24.41154521331191,,"/envs/pf2/lib/python3.10/site-packages/torchvision/io/image.py:13: UserWarning: Failed to load image Python extension: 'Could not load this library: <pf2-env>/lib/python3.10/site-packages/torchvision/image.so'If you don't plan on using image functionality from `torchvision.io`, you can ignore this warning. Otherwise, there might be something wrong with your environment. Did you have `libjpeg` or `libpng` installed before building `torchvision` from source?
  warn("
pf2-bayesnj-infer,550,500,1,fp32,ok,73.705078125,73.06227159500122,73.212890625,25.29209034331143,,"/envs/pf2/lib/python3.10/site-packages/torchvision/io/image.py:13: UserWarning: Failed to load image Python extension: 'Could not load this library: <pf2-env>/lib/python3.10/site-packages/torchvision/image.so'If you don't plan on using image functionality from `torchvision.io`, you can ignore this warning. Otherwise, there might be something wrong with your environment. Did you have `libjpeg` or `libpng` installed before building `torchvision` from source?
  warn("
pf2-bayesnj-infer,550,1000,1,fp32,oom,2.197265625,nan,nan,nan,"CUDA out of memory. Tried to allocate 143.98 GiB. GPU 0 has a total capacity of 79.25 GiB of which 73.28 GiB is free. Process 93323 has 3.62 GiB memory in use. Process 1129892 has 414.00 MiB memory in use. Including non-PyTorch memory, this process has 1.93 GiB memory in use. Of the allocated memory 1.22 GiB is allocated by PyTorch, and 237.32 MiB is reserved by PyTorch but unallocated. If reserved but unallocated memory is large try setting PYTORCH_ALLOC_CONF=expandable_segments:True to avoid fragmentation.  See documentation for Memory Management  (https://pytorch.org/docs/stable/notes/cuda.html#environment-variables)","/envs/pf2/lib/python3.10/site-packages/torchvision/io/image.py:13: UserWarning: Failed to load image Python extension: 'Could not load this library: <pf2-env>/lib/python3.10/site-packages/torchvision/image.so'If you don't plan on using image functionality from `torchvision.io`, you can ignore this warning. Otherwise, there might be something wrong with your environment. Did you have `libjpeg` or `libpng` installed before building `torchvision` from source?
  warn("
pf2-bayesnj-infer,550,2000,1,fp32,oom,3.818359375,nan,nan,nan,"CUDA out of memory. Tried to allocate 287.96 GiB. GPU 0 has a total capacity of 79.25 GiB of which 72.44 GiB is free. Process 93323 has 3.62 GiB memory in use. Process 1129892 has 414.00 MiB memory in use. Including non-PyTorch memory, this process has 2.77 GiB memory in use. Of the allocated memory 2.05 GiB is allocated by PyTorch, and 237.40 MiB is reserved by PyTorch but unallocated. If reserved but unallocated memory is large try setting PYTORCH_ALLOC_CONF=expandable_segments:True to avoid fragmentation.  See documentation for Memory Management  (https://pytorch.org/docs/stable/notes/cuda.html#environment-variables)","/envs/pf2/lib/python3.10/site-packages/torchvision/io/image.py:13: UserWarning: Failed to load image Python extension: 'Could not load this library: <pf2-env>/lib/python3.10/site-packages/torchvision/image.so'If you don't plan on using image functionality from `torchvision.io`, you can ignore this warning. Otherwise, there might be something wrong with your environment. Did you have `libjpeg` or `libpng` installed before building `torchvision` from source?
  warn("
pf2-bayesnj-infer,550,3000,1,fp32,oom,5.435546875,nan,nan,nan,"CUDA out of memory. Tried to allocate 431.94 GiB. GPU 0 has a total capacity of 79.25 GiB of which 71.35 GiB is free. Process 93323 has 3.62 GiB memory in use. Process 1129892 has 414.00 MiB memory in use. Including non-PyTorch memory, this process has 3.86 GiB memory in use. Of the allocated memory 2.89 GiB is allocated by PyTorch, and 503.37 MiB is reserved by PyTorch but unallocated. If reserved but unallocated memory is large try setting PYTORCH_ALLOC_CONF=expandable_segments:True to avoid fragmentation.  See documentation for Memory Management  (https://pytorch.org/docs/stable/notes/cuda.html#environment-variables)","/envs/pf2/lib/python3.10/site-packages/torchvision/io/image.py:13: UserWarning: Failed to load image Python extension: 'Could not load this library: <pf2-env>/lib/python3.10/site-packages/torchvision/image.so'If you don't plan on using image functionality from `torchvision.io`, you can ignore this warning. Otherwise, there might be something wrong with your environment. Did you have `libjpeg` or `libpng` installed before building `torchvision` from source?
  warn("
pf2-bayesnj-infer,550,4000,1,fp32,oom,7.060546875,nan,nan,nan,"CUDA out of memory. Tried to allocate 575.93 GiB. GPU 0 has a total capacity of 79.25 GiB of which 70.25 GiB is free. Process 93323 has 3.62 GiB memory in use. Process 1129892 has 414.00 MiB memory in use. Including non-PyTorch memory, this process has 4.96 GiB memory in use. Of the allocated memory 3.72 GiB is allocated by PyTorch, and 775.48 MiB is reserved by PyTorch but unallocated. If reserved but unallocated memory is large try setting PYTORCH_ALLOC_CONF=expandable_segments:True to avoid fragmentation.  See documentation for Memory Management  (https://pytorch.org/docs/stable/notes/cuda.html#environment-variables)","/envs/pf2/lib/python3.10/site-packages/torchvision/io/image.py:13: UserWarning: Failed to load image Python extension: 'Could not load this library: <pf2-env>/lib/python3.10/site-packages/torchvision/image.so'If you don't plan on using image functionality from `torchvision.io`, you can ignore this warning. Otherwise, there might be something wrong with your environment. Did you have `libjpeg` or `libpng` installed before building `torchvision` from source?
  warn("
pf2-bayesnj-infer,550,5000,1,fp32,oom,8.677734375,nan,nan,nan,"CUDA out of memory. Tried to allocate 719.91 GiB. GPU 0 has a total capacity of 79.25 GiB of which 69.16 GiB is free. Process 93323 has 3.62 GiB memory in use. Process 1129892 has 414.00 MiB memory in use. Including non-PyTorch memory, this process has 6.05 GiB memory in use. Of the allocated memory 4.56 GiB is allocated by PyTorch, and 1.02 GiB is reserved by PyTorch but unallocated. If reserved but unallocated memory is large try setting PYTORCH_ALLOC_CONF=expandable_segments:True to avoid fragmentation.  See documentation for Memory Management  (https://pytorch.org/docs/stable/notes/cuda.html#environment-variables)","/envs/pf2/lib/python3.10/site-packages/torchvision/io/image.py:13: UserWarning: Failed to load image Python extension: 'Could not load this library: <pf2-env>/lib/python3.10/site-packages/torchvision/image.so'If you don't plan on using image functionality from `torchvision.io`, you can ignore this warning. Otherwise, there might be something wrong with your environment. Did you have `libjpeg` or `libpng` installed before building `torchvision` from source?
  warn("
pf2-bayesnj-infer,550,10000,1,fp32,oom,16.78125,nan,nan,nan,"CUDA out of memory. Tried to allocate 1439.81 GiB. GPU 0 has a total capacity of 79.25 GiB of which 63.68 GiB is free. Process 93323 has 3.62 GiB memory in use. Process 1129892 has 414.00 MiB memory in use. Including non-PyTorch memory, this process has 11.54 GiB memory in use. Of the allocated memory 8.73 GiB is allocated by PyTorch, and 2.33 GiB is reserved by PyTorch but unallocated. If reserved but unallocated memory is large try setting PYTORCH_ALLOC_CONF=expandable_segments:True to avoid fragmentation.  See documentation for Memory Management  (https://pytorch.org/docs/stable/notes/cuda.html#environment-variables)","/envs/pf2/lib/python3.10/site-packages/torchvision/io/image.py:13: UserWarning: Failed to load image Python extension: 'Could not load this library: <pf2-env>/lib/python3.10/site-packages/torchvision/image.so'If you don't plan on using image functionality from `torchvision.io`, you can ignore this warning. Otherwise, there might be something wrong with your environment. Did you have `libjpeg` or `libpng` installed before building `torchvision` from source?
  warn("
pf2-bayesnj-infer,600,100,1,fp32,ok,18.4921875,17.886638164520264,18.0,31.616223832592368,,"/envs/pf2/lib/python3.10/site-packages/torchvision/io/image.py:13: UserWarning: Failed to load image Python extension: 'Could not load this library: <pf2-env>/lib/python3.10/site-packages/torchvision/image.so'If you don't plan on using image functionality from `torchvision.io`, you can ignore this warning. Otherwise, there might be something wrong with your environment. Did you have `libjpeg` or `libpng` installed before building `torchvision` from source?
  warn("
pf2-bayesnj-infer,600,250,1,fp32,ok,44.451171875,43.73025941848755,43.958984375,33.17958443053067,,"/envs/pf2/lib/python3.10/site-packages/torchvision/io/image.py:13: UserWarning: Failed to load image Python extension: 'Could not load this library: <pf2-env>/lib/python3.10/site-packages/torchvision/image.so'If you don't plan on using image functionality from `torchvision.io`, you can ignore this warning. Otherwise, there might be something wrong with your environment. Did you have `libjpeg` or `libpng` installed before building `torchvision` from source?
  warn("
pf2-bayesnj-infer,600,500,1,fp32,oom,1.86328125,nan,nan,nan,"CUDA out of memory. Tried to allocate 85.69 GiB. GPU 0 has a total capacity of 79.25 GiB of which 73.78 GiB is free. Process 93323 has 3.62 GiB memory in use. Process 1129892 has 414.00 MiB memory in use. Including non-PyTorch memory, this process has 1.43 GiB memory in use. Of the allocated memory 954.88 MiB is allocated by PyTorch, and 17.12 MiB is reserved by PyTorch but unallocated. If reserved but unallocated memory is large try setting PYTORCH_ALLOC_CONF=expandable_segments:True to avoid fragmentation.  See documentation for Memory Management  (https://pytorch.org/docs/stable/notes/cuda.html#environment-variables)","/envs/pf2/lib/python3.10/site-packages/torchvision/io/image.py:13: UserWarning: Failed to load image Python extension: 'Could not load this library: <pf2-env>/lib/python3.10/site-packages/torchvision/image.so'If you don't plan on using image functionality from `torchvision.io`, you can ignore this warning. Otherwise, there might be something wrong with your environment. Did you have `libjpeg` or `libpng` installed before building `torchvision` from source?
  warn("
pf2-bayesnj-infer,600,1000,1,fp32,oom,2.341796875,nan,nan,nan,"CUDA out of memory. Tried to allocate 171.38 GiB. GPU 0 has a total capacity of 79.25 GiB of which 73.16 GiB is free. Process 93323 has 3.62 GiB memory in use. Process 1129892 has 414.00 MiB memory in use. Including non-PyTorch memory, this process has 2.05 GiB memory in use. Of the allocated memory 1.39 GiB is allocated by PyTorch, and 189.98 MiB is reserved by PyTorch but unallocated. If reserved but unallocated memory is large try setting PYTORCH_ALLOC_CONF=expandable_segments:True to avoid fragmentation.  See documentation for Memory Management  (https://pytorch.org/docs/stable/notes/cuda.html#environment-variables)","/envs/pf2/lib/python3.10/site-packages/torchvision/io/image.py:13: UserWarning: Failed to load image Python extension: 'Could not load this library: <pf2-env>/lib/python3.10/site-packages/torchvision/image.so'If you don't plan on using image functionality from `torchvision.io`, you can ignore this warning. Otherwise, there might be something wrong with your environment. Did you have `libjpeg` or `libpng` installed before building `torchvision` from source?
  warn("
pf2-bayesnj-infer,600,2000,1,fp32,oom,4.107421875,nan,nan,nan,"CUDA out of memory. Tried to allocate 342.75 GiB. GPU 0 has a total capacity of 79.25 GiB of which 72.25 GiB is free. Process 93323 has 3.62 GiB memory in use. Process 1129892 has 414.00 MiB memory in use. Including non-PyTorch memory, this process has 2.96 GiB memory in use. Of the allocated memory 2.30 GiB is allocated by PyTorch, and 187.59 MiB is reserved by PyTorch but unallocated. If reserved but unallocated memory is large try setting PYTORCH_ALLOC_CONF=expandable_segments:True to avoid fragmentation.  See documentation for Memory Management  (https://pytorch.org/docs/stable/notes/cuda.html#environment-variables)","/envs/pf2/lib/python3.10/site-packages/torchvision/io/image.py:13: UserWarning: Failed to load image Python extension: 'Could not load this library: <pf2-env>/lib/python3.10/site-packages/torchvision/image.so'If you don't plan on using image functionality from `torchvision.io`, you can ignore this warning. Otherwise, there might be something wrong with your environment. Did you have `libjpeg` or `libpng` installed before building `torchvision` from source?
  warn("
pf2-bayesnj-infer,600,3000,1,fp32,oom,5.876953125,nan,nan,nan,"CUDA out of memory. Tried to allocate 514.13 GiB. GPU 0 has a total capacity of 79.25 GiB of which 71.05 GiB is free. Process 93323 has 3.62 GiB memory in use. Process 1129892 has 414.00 MiB memory in use. Including non-PyTorch memory, this process has 4.16 GiB memory in use. Of the allocated memory 3.21 GiB is allocated by PyTorch, and 482.69 MiB is reserved by PyTorch but unallocated. If reserved but unallocated memory is large try setting PYTORCH_ALLOC_CONF=expandable_segments:True to avoid fragmentation.  See documentation for Memory Management  (https://pytorch.org/docs/stable/notes/cuda.html#environment-variables)","/envs/pf2/lib/python3.10/site-packages/torchvision/io/image.py:13: UserWarning: Failed to load image Python extension: 'Could not load this library: <pf2-env>/lib/python3.10/site-packages/torchvision/image.so'If you don't plan on using image functionality from `torchvision.io`, you can ignore this warning. Otherwise, there might be something wrong with your environment. Did you have `libjpeg` or `libpng` installed before building `torchvision` from source?
  warn("
pf2-bayesnj-infer,600,4000,1,fp32,oom,7.64453125,nan,nan,nan,"CUDA out of memory. Tried to allocate 685.50 GiB. GPU 0 has a total capacity of 79.25 GiB of which 69.86 GiB is free. Process 93323 has 3.62 GiB memory in use. Process 1129892 has 414.00 MiB memory in use. Including non-PyTorch memory, this process has 5.36 GiB memory in use. Of the allocated memory 4.12 GiB is allocated by PyTorch, and 775.02 MiB is reserved by PyTorch but unallocated. If reserved but unallocated memory is large try setting PYTORCH_ALLOC_CONF=expandable_segments:True to avoid fragmentation.  See documentation for Memory Management  (https://pytorch.org/docs/stable/notes/cuda.html#environment-variables)","/envs/pf2/lib/python3.10/site-packages/torchvision/io/image.py:13: UserWarning: Failed to load image Python extension: 'Could not load this library: <pf2-env>/lib/python3.10/site-packages/torchvision/image.so'If you don't plan on using image functionality from `torchvision.io`, you can ignore this warning. Otherwise, there might be something wrong with your environment. Did you have `libjpeg` or `libpng` installed before building `torchvision` from source?
  warn("
pf2-bayesnj-infer,600,5000,1,fp32,oom,9.4140625,nan,nan,nan,"CUDA out of memory. Tried to allocate 856.88 GiB. GPU 0 has a total capacity of 79.25 GiB of which 68.66 GiB is free. Process 93323 has 3.62 GiB memory in use. Process 1129892 has 414.00 MiB memory in use. Including non-PyTorch memory, this process has 6.55 GiB memory in use. Of the allocated memory 5.03 GiB is allocated by PyTorch, and 1.04 GiB is reserved by PyTorch but unallocated. If reserved but unallocated memory is large try setting PYTORCH_ALLOC_CONF=expandable_segments:True to avoid fragmentation.  See documentation for Memory Management  (https://pytorch.org/docs/stable/notes/cuda.html#environment-variables)","/envs/pf2/lib/python3.10/site-packages/torchvision/io/image.py:13: UserWarning: Failed to load image Python extension: 'Could not load this library: <pf2-env>/lib/python3.10/site-packages/torchvision/image.so'If you don't plan on using image functionality from `torchvision.io`, you can ignore this warning. Otherwise, there might be something wrong with your environment. Did you have `libjpeg` or `libpng` installed before building `torchvision` from source?
  warn("
pf2-bayesnj-infer,600,10000,1,fp32,oom,18.25390625,nan,nan,nan,"CUDA out of memory. Tried to allocate 1713.75 GiB. GPU 0 has a total capacity of 79.25 GiB of which 62.68 GiB is free. Process 93323 has 3.62 GiB memory in use. Process 1129892 has 414.00 MiB memory in use. Including non-PyTorch memory, this process has 12.53 GiB memory in use. Of the allocated memory 9.58 GiB is allocated by PyTorch, and 2.47 GiB is reserved by PyTorch but unallocated. If reserved but unallocated memory is large try setting PYTORCH_ALLOC_CONF=expandable_segments:True to avoid fragmentation.  See documentation for Memory Management  (https://pytorch.org/docs/stable/notes/cuda.html#environment-variables)","/envs/pf2/lib/python3.10/site-packages/torchvision/io/image.py:13: UserWarning: Failed to load image Python extension: 'Could not load this library: <pf2-env>/lib/python3.10/site-packages/torchvision/image.so'If you don't plan on using image functionality from `torchvision.io`, you can ignore this warning. Otherwise, there might be something wrong with your environment. Did you have `libjpeg` or `libpng` installed before building `torchvision` from source?
  warn("
